facility,year,month,incoming_ton,incineration_ton,operation_rate,lng_nm3,electricity_kwh,prev_month_incoming_ton,prev_2month_avg_incoming_ton,prev_3month_avg_incoming_ton,same_month_last_year_incoming_ton
강남,2014,1,25053.02,24184.61,86.68,8147.0,2497068.0,,,,
강남,2014,2,22477.61,23023.92,91.36,13984.0,2432988.0,25053.02,,,
강남,2014,3,24056.94,25402.78,92.33,21802.0,2736864.0,22477.61,23765.315,,
강남,2014,4,24297.84,23614.31,92.3,29759.0,2546244.0,24056.94,23267.275,23862.52333333333,
강남,2014,5,24195.3,24625.8,88.26,19107.0,2497068.0,24297.84,24177.39,23610.796666666665,
강남,2014,6,24012.86,23838.88,88.29,28817.0,2550528.0,24195.3,24246.57,24183.36,
강남,2014,7,26622.38,23320.99,88.93,56645.0,2440152.0,24012.86,24104.08,24168.666666666668,
강남,2014,8,24970.0,26079.92,93.48,57439.0,2580912.0,26622.38,25317.620000000003,24943.513333333336,
강남,2014,9,8563.3,12975.61,94.4,49907.0,1674540.0,24970.0,25796.19,25201.74666666667,
강남,2014,10,,,,36060.0,626004.0,8563.3,16766.65,20051.893333333333,
강남,2014,11,21388.55,14972.88,93.51,97590.0,1585944.0,,,,
강남,2014,12,25039.52,24649.05,92.45,63839.0,2304108.0,21388.55,,,
강남,2015,1,22001.84,23917.05,91.64,37091.0,2276820.0,25039.52,23214.035,,25053.02
강남,2015,2,21599.45,22671.61,91.93,23253.0,2109816.0,22001.84,23520.68,22809.97,22477.61
강남,2015,3,23602.67,24659.13,91.67,21922.0,2323656.0,21599.45,21800.645,22880.27,24056.94
강남,2015,4,26260.67,24173.7,92.4,24330.0,2333952.0,23602.67,22601.06,22401.32,24297.84
강남,2015,5,2571.44,6587.11,89.47,58854.0,1295316.0,26260.67,24931.67,23820.930000000004,24195.3
강남,2015,6,8132.36,3785.95,91.78,87705.0,1000620.0,2571.44,14416.054999999998,17478.26,24012.86
강남,2015,7,25326.13,24687.57,90.18,56920.0,2494332.0,8132.36,5351.9,12321.49,26622.38
강남,2015,8,22490.84,25316.52,93.33,12602.0,2479608.0,25326.13,16729.245,12009.976666666667,24970.0
강남,2015,9,23007.18,21593.74,84.81,37263.0,2250972.0,22490.84,23908.485,18649.77666666667,8563.3
강남,2015,10,26540.29,25383.58,91.35,16269.0,2464920.0,23007.18,22749.01,23608.05,
강남,2015,11,25303.89,24185.05,90.88,168406.0,2321064.0,26540.29,24773.735,24012.77,21388.55
강남,2015,12,23413.78,25544.18,91.56,60395.0,2317716.0,25303.89,25922.090000000004,24950.45333333333,25039.52
강남,2016,1,25485.9,25318.51,91.73,15921.0,2199492.0,23413.78,24358.835,25085.986666666664,22001.84
강남,2016,2,24476.91,23633.75,91.6,25889.0,2229660.0,25485.9,24449.840000000004,24734.52333333333,21599.45
강남,2016,3,27259.77,25151.21,91.63,14322.0,2386800.0,24476.91,24981.405,24458.86333333333,23602.67
강남,2016,4,25546.55,24381.54,91.57,21483.0,2326716.0,27259.77,25868.340000000004,25740.86,26260.67
강남,2016,5,,6587.78,78.08,28219.0,1137661.0,25546.55,26403.160000000003,25761.076666666664,2571.44
강남,2016,6,,,,25594.0,1114045.0,,,,8132.36
강남,2016,7,21639.8,17932.97,90.17,58265.0,1911852.0,,,,25326.13
강남,2016,8,23483.52,25690.61,92.08,10584.0,2475684.0,21639.8,,,22490.84
강남,2016,9,22781.1,21739.42,80.52,10957.0,2077848.0,23483.52,22561.660000000003,,23007.18
강남,2016,10,24624.29,23676.12,90.67,38416.0,2412684.0,22781.1,23132.31,22634.806666666667,26540.29
강남,2016,11,24065.48,24986.68,92.54,10383.0,1989936.0,24624.29,23702.695,23629.63666666667,25303.89
강남,2016,12,24221.74,24171.85,90.06,25417.0,1975356.0,24065.48,24344.885,23823.623333333333,23413.78
강남,2017,1,24086.82,23318.37,83.58,10245.0,1948932.0,24221.74,24143.61,24303.83666666667,25485.9
강남,2017,2,23671.56,23218.12,92.14,6950.0,1988028.0,24086.82,24154.28,24124.680000000004,24476.91
강남,2017,3,26526.64,25869.76,92.72,8690.0,2302884.0,23671.56,23879.19,23993.373333333337,27259.77
강남,2017,4,24341.41,24261.03,89.86,16946.0,2211840.0,26526.64,25099.1,24761.673333333336,25546.55
강남,2017,5,17728.97,15861.22,93.16,18825.0,1722600.0,24341.41,25434.025,24846.536666666667,
강남,2017,6,4633.11,3416.14,92.33,41345.0,837792.0,17728.97,21035.19,22865.673333333336,
강남,2017,7,17863.09,19631.64,93.15,31851.0,1908360.0,4633.11,11181.040000000005,15567.830000000002,21639.8
강남,2017,8,24321.45,26060.89,93.41,9510.0,2341692.0,17863.09,11248.100000000002,13408.39,23483.52
강남,2017,9,25389.73,23827.19,91.42,19147.0,2246472.0,24321.45,21092.270000000004,15605.883333333331,22781.1
강남,2017,10,22915.1,24729.98,91.34,19074.0,2110932.0,25389.73,24855.590000000004,22524.756666666668,24624.29
강남,2017,11,23751.64,24916.63,92.26,4924.0,2081556.0,22915.1,24152.415,24208.76,24065.48
강남,2017,12,26280.13,25221.56,90.4,10259.0,2135772.0,23751.64,23333.370000000003,24018.823333333334,24221.74
강남,2018,1,24611.99,24919.15,89.32,8360.0,2169972.0,26280.13,25015.885,24315.623333333333,24086.82
강남,2018,2,23078.1,19074.16,76.83,12305.0,1720152.0,24611.99,25446.060000000005,24881.25333333333,23671.56
강남,2018,3,22766.03,23834.14,90.67,33950.0,2088828.0,23078.1,23845.045,24656.74,26526.64
강남,2018,4,17934.56,17539.35,92.8,6006.0,1743624.0,22766.03,22922.065,23485.373333333333,24341.41
강남,2018,5,4111.04,2758.12,91.94,43897.0,802044.0,17934.56,20350.295,21259.56333333333,17728.97
강남,2018,6,18919.27,21413.74,90.5,21213.0,2001096.0,4111.04,11022.800000000005,14937.21,4633.11
강남,2018,7,23119.61,25379.36,90.97,9375.0,2311956.0,18919.27,11515.155000000002,13654.956666666669,17863.09
강남,2018,8,25528.18,24651.39,91.77,12871.0,2558232.0,23119.61,21019.44,15383.306666666664,24321.45
강남,2018,9,22575.96,23820.04,91.66,9605.0,2440476.0,25528.18,24323.895000000004,22522.353333333333,25389.73
강남,2018,10,26937.99,25778.29,92.4,13877.0,2529504.0,22575.96,24052.07,23741.25,22915.1
강남,2018,11,24745.09,24887.16,92.17,8311.0,,26937.99,24756.975,25014.04333333333,23751.64
강남,2018,12,24004.9,25057.72,92.38,22915.0,2448252.0,24745.09,25841.54,24753.013333333336,26280.13
강남,2019,1,25992.49,23847.97,90.68,20768.0,2432196.0,24004.9,24374.995000000003,25229.326666666664,24611.99
강남,2019,2,21110.01,19595.3,89.58,31407.0,2048832.0,25992.49,24998.695000000003,24914.160000000003,23078.1
강남,2019,3,20341.81,22676.58,86.59,24565.0,2369664.0,21110.01,23551.25,23702.46666666667,22766.03
강남,2019,4,5808.78,8395.71,93.29,24161.0,1244628.0,20341.81,20725.910000000003,22481.436666666665,17934.56
강남,2019,5,9114.98,3581.35,91.83,71479.0,840888.0,5808.78,13075.295000000002,15753.533333333333,4111.04
강남,2019,6,19055.32,23465.11,92.07,27969.0,2388276.0,9114.98,7461.880000000001,11755.19,18919.27
강남,2019,7,25986.76,25822.85,92.56,15795.0,2578032.0,19055.32,14085.15,11326.36,23119.61
강남,2019,8,27547.91,25388.16,92.7,15997.0,2535228.0,25986.76,22521.04,18052.353333333333,25528.18
강남,2019,9,22948.15,24987.33,92.55,18503.0,2463444.0,27547.91,26767.335,24196.66333333333,22575.96
강남,2019,10,26476.11,24820.31,92.44,2736.0,3180132.0,22948.15,25248.03,25494.27333333333,26937.99
강남,2019,11,23947.84,22714.06,92.62,28380.0,2241684.0,26476.11,24712.130000000005,25657.39,24745.09
강남,2019,12,24875.96,25438.89,91.18,20918.0,2510604.0,23947.84,25211.975,24457.36666666667,24004.9
강남,2020,1,23549.26,24264.55,87.0,13620.0,2473668.0,24875.96,24411.9,25099.97,25992.49
강남,2020,2,22218.8,21937.68,84.0,13639.0,2272896.0,23549.26,24212.61,24124.353333333333,21110.01
강남,2020,3,19534.21,18529.67,66.0,12062.0,2125116.0,22218.8,22884.03,23548.006666666664,20341.81
강남,2020,4,14766.45,14519.04,54.0,4029.0,1860624.0,19534.21,20876.505,21767.42333333333,5808.78
강남,2020,5,1515.06,1837.61,29.0,8316.0,722916.0,14766.45,17150.33,18839.82,9114.98
강남,2020,6,15108.8,14250.01,79.0,42237.0,1684224.0,1515.06,8140.755000000002,11938.573333333334,19055.32
강남,2020,7,24110.02,25465.9,91.0,18687.0,2427120.0,15108.8,8311.93,10463.436666666666,25986.76
강남,2020,8,26249.76,25435.46,91.0,22257.0,2406348.0,24110.02,19609.410000000003,13577.96,27547.91
강남,2020,9,25605.87,23877.45,88.0,22299.0,2364660.0,26249.76,25179.890000000003,21822.86,22948.15
강남,2020,10,22797.13,25148.46,90.0,22314.0,2470860.0,25605.87,25927.815,25321.88333333333,26476.11
강남,2020,11,24942.01,22794.32,84.0,22672.0,2264904.0,22797.13,24201.500000000004,24884.253333333338,23947.84
강남,2020,12,23686.43,23997.82,86.0,9668.0,2390832.0,24942.01,23869.570000000003,24448.33666666667,24875.96
강남,2021,1,25823.0,24200.0,88.0,17121.0,2337228.0,23686.43,24314.22,23808.52333333333,23549.26
강남,2021,2,18492.0,15167.0,83.0,44953.0,1707192.0,25823.0,24754.715000000004,24817.146666666667,22218.8
강남,2021,3,20163.0,21422.0,89.0,69991.0,2234772.0,18492.0,22157.500000000004,22667.143333333337,19534.21
강남,2021,4,16364.0,19484.0,91.0,63941.0,2113164.0,20163.0,19327.500000000004,21492.666666666668,14766.45
강남,2021,5,1072.0,1498.0,93.0,26563.0,764244.0,16364.0,18263.500000000004,18339.666666666668,1515.06
강남,2021,6,23014.0,22553.0,93.0,39214.0,2237220.0,1072.0,8718.000000000004,12533.0,15108.8
강남,2021,7,25423.0,23206.0,91.0,28174.0,2425680.0,23014.0,12043.000000000004,13483.333333333334,24110.02
강남,2021,8,24196.0,25439.0,91.0,12703.0,2554308.0,25423.0,24218.500000000004,16503.0,26249.76
강남,2021,9,25201.0,23493.0,88.0,16833.0,2293992.0,24196.0,24809.500000000004,24211.0,25605.87
강남,2021,10,23268.0,23509.0,88.0,20405.0,2300544.0,25201.0,24698.500000000004,24940.0,22797.13
강남,2021,11,25381.0,24238.0,90.0,7472.0,2387988.0,23268.0,24234.500000000004,24221.666666666668,24942.01
강남,2021,12,24795.0,23699.0,88.0,9335.0,2339496.0,25381.0,24324.500000000004,24616.666666666668,23686.43
강남,2022,1,22392.0,20210.0,87.0,41121.0,2244528.0,24795.0,25088.000000000004,24481.33333333333,25823.0
강남,2022,2,17644.0,19808.0,86.0,20817.0,2132532.0,22392.0,23593.500000000004,24189.33333333333,18492.0
강남,2022,3,21942.0,22755.0,83.0,20243.0,2340504.0,17644.0,20018.000000000004,21610.33333333333,20163.0
강남,2022,4,5468.0,9945.0,81.0,20127.0,1400256.0,21942.0,19793.000000000004,20659.33333333333,16364.0
강남,2022,5,5229.0,1281.0,92.0,43034.0,723564.0,5468.0,13705.000000000004,15018.0,1072.0
강남,2022,6,22720.0,21191.0,90.0,47082.0,2327508.0,5229.0,5348.500000000004,10879.666666666668,23014.0
강남,2022,7,20844.0,24278.0,90.0,20142.0,2610900.0,22720.0,13974.500000000004,11139.0,25423.0
강남,2022,8,25596.0,23000.0,90.0,35473.0,2460060.0,20844.0,21782.000000000004,16264.333333333334,24196.0
강남,2022,9,24364.0,23996.0,89.0,13485.0,2566152.0,25596.0,23220.000000000004,23053.33333333333,25201.0
강남,2022,10,24584.0,23763.0,90.0,33122.0,2567700.0,24364.0,24980.000000000004,23601.33333333333,23268.0
강남,2022,11,21517.0,23793.0,91.0,20452.0,2482092.0,24584.0,24474.000000000004,24848.0,25381.0
강남,2022,12,26656.0,24751.0,90.0,18732.0,2635560.0,21517.0,23050.500000000004,23488.33333333333,24795.0
강남,2023,1,21343.0,21724.0,89.0,49090.0,2445660.0,26656.0,24086.500000000004,24252.33333333333,22392.0
강남,2023,2,21613.0,20031.0,89.0,22919.0,2255724.0,21343.0,23999.500000000004,23172.0,17644.0
강남,2023,3,24248.0,24332.0,98.0,18377.0,2641536.0,21613.0,21478.000000000004,23204.0,21942.0
강남,2023,4,8864.0,10809.0,85.0,6859.0,1489428.0,24248.0,22930.500000000004,22401.33333333333,5468.0
강남,2023,5,3615.0,1636.0,90.0,39882.0,592848.0,8864.0,16556.000000000004,18241.666666666668,5229.0
강남,2023,6,17597.0,18460.0,89.0,23933.0,1892880.0,3615.0,6239.500000000004,12242.333333333334,22720.0
강남,2023,7,23195.0,24865.0,89.0,17623.0,2315448.0,17597.0,10606.000000000004,10025.333333333334,20844.0
강남,2023,8,26587.0,25224.0,90.0,10803.0,,23195.0,20396.000000000004,14802.333333333334,25596.0
강남,2023,9,23884.0,22888.0,90.0,19348.0,2215692.0,26587.0,24891.000000000004,22459.666666666668,24364.0
강남,2023,10,23140.0,23833.0,87.0,14701.0,2224872.0,23884.0,25235.500000000004,24555.33333333333,24584.0
강남,2023,11,18279.0,16968.0,88.0,41467.0,1788192.0,23140.0,23512.000000000004,24537.0,21517.0
강남,2024,1,23092.0,22102.0,88.0,36611.0,2147508.0,18279.0,20709.500000000004,21767.666666666668,21343.0
강남,2024,2,21761.0,23016.0,88.0,10358.0,2033892.0,23092.0,20685.500000000004,21503.666666666668,21613.0
강남,2024,3,22882.0,24559.0,88.0,11567.0,2301012.0,21761.0,22426.500000000004,21044.0,24248.0
강남,2024,4,11635.0,10835.0,88.0,9770.0,1409724.0,22882.0,22321.500000000004,22578.33333333333,8864.0
강남,2024,5,1269.0,306.0,102.0,72992.0,420804.0,11635.0,17258.500000000004,18759.33333333333,3615.0
강남,2024,6,20513.0,21159.0,82.0,13500.0,2031768.0,1269.0,6452.000000000004,11928.666666666666,17597.0
강남,2024,7,24365.0,23660.0,87.0,42402.0,2259252.0,20513.0,10891.000000000004,11139.0,23195.0
강남,2024,8,24389.0,23505.0,85.0,9419.0,2337084.0,24365.0,22439.000000000004,15382.333333333334,26587.0
강남,2024,9,25589.0,23338.0,89.0,17088.0,2308968.0,24389.0,24377.000000000004,23089.0,23884.0
강남,2024,10,24256.0,23625.0,90.0,19130.0,2297844.0,25589.0,24989.000000000004,24781.0,23140.0
강남,2024,11,21423.0,23084.0,88.0,19028.0,1788192.0,24256.0,24922.500000000004,24744.666666666668,18279.0
강남,2024,12,21869.0,24049.0,89.0,14839.0,2116116.0,21423.0,22839.500000000004,23756.0,
강남,2025,1,25429.0,23988.0,88.0,12337.0,2245932.0,21869.0,21646.000000000004,22516.0,23092.0
강남,2025,2,21347.0,21239.0,88.0,20014.0,2040840.0,25429.0,23649.000000000004,22907.0,21761.0
강남,2025,3,21354.0,21262.0,83.0,20133.0,2077092.0,21347.0,23388.000000000004,22881.666666666668,22882.0
강남,2025,4,18833.0,18794.0,88.0,15328.0,1911204.0,21354.0,21350.500000000004,22710.0,11635.0
강남,2025,5,6190.0,8183.0,90.0,20536.0,1281348.0,18833.0,20093.500000000004,20511.33333333333,1269.0
강남,2025,6,2966.0,1160.0,91.0,63535.0,491868.0,6190.0,12511.500000000004,15459.0,20513.0
강남,2025,7,23103.0,22718.0,89.0,41501.0,2199384.0,2966.0,4578.000000000004,9329.666666666668,24365.0
강남,2025,8,23781.0,24521.0,88.0,36223.0,2372364.0,23103.0,13034.500000000004,10753.000000000002,24389.0
강남,2025,9,26107.0,23414.0,89.0,85059.0,2262060.0,23781.0,23442.000000000004,16616.666666666668,25589.0
강남,2025,10,22511.0,23712.0,88.0,83997.0,2244276.0,26107.0,24944.000000000004,24330.33333333333,24256.0
강남,2025,11,21005.0,18674.0,89.0,73370.0,1929744.0,22511.0,24309.000000000004,24133.0,21423.0
강남,2025,12,22929.0,23421.0,90.0,28177.0,2203056.0,21005.0,21758.000000000004,23207.666666666668,21869.0
강남,2026,1,24608.0,24600.0,88.0,4279.0,2265156.0,22929.0,21967.000000000004,22148.33333333333,25429.0
강남,2026,2,22175.0,21689.0,88.0,10563.0,2037528.0,24608.0,23768.500000000004,22847.33333333333,21347.0
강남,2026,3,23512.0,22413.0,88.0,32245.0,2169216.0,22175.0,23391.500000000004,23237.33333333333,21354.0
강남,2026,4,22326.0,22633.0,89.0,17532.0,2140740.0,23512.0,22843.500000000004,23431.666666666668,18833.0
노원,2014,1,15564.13,19897.53,80.23,7441.0,1826775.0,,,,
노원,2014,2,15940.12,17725.06,79.13,34259.0,1583157.0,15564.13,,,
노원,2014,3,16578.81,17516.55,77.28,71729.0,1746428.0,15940.12,15752.125,,
노원,2014,4,3109.64,6090.4,60.2,121552.0,922097.0,16578.81,16259.465,16027.686666666666,
노원,2014,5,14032.24,3100.55,77.19,48662.0,570010.0,3109.64,9844.225,11876.190000000002,
노원,2014,6,13518.31,12192.54,79.43,30748.0,1199361.0,14032.24,8570.940000000002,11240.23,
노원,2014,7,17754.31,19451.65,80.77,28664.0,1750109.0,13518.31,13775.275,10220.063333333334,
노원,2014,8,16788.96,20314.54,81.91,22076.0,1754074.0,17754.31,15636.31,15101.62,
노원,2014,9,17517.33,18225.82,79.7,20186.0,1571853.0,16788.96,17271.635000000002,16020.526666666668,
노원,2014,10,17678.09,19649.5,79.23,9376.0,1636444.0,17517.33,17153.145000000004,17353.533333333336,
노원,2014,11,17969.84,11217.42,80.8,149893.0,1231978.0,17678.09,17597.710000000003,17328.126666666667,
노원,2014,12,18037.49,19411.23,80.94,75533.0,1686541.0,17969.84,17823.965000000004,17721.753333333334,
노원,2015,1,15991.76,19937.95,80.39,13931.0,1700502.0,18037.49,18003.665,17895.14,15564.13
노원,2015,2,15204.38,16990.94,75.85,29849.0,1476652.0,15991.76,17014.625000000004,17333.030000000002,15940.12
노원,2015,3,16968.78,16375.83,73.49,13399.0,1524674.0,15204.38,15598.070000000002,16411.210000000003,16578.81
노원,2015,4,16008.91,17712.84,78.14,8974.0,1572347.0,16968.78,16086.580000000002,16054.973333333332,3109.64
노원,2015,5,15751.03,14639.39,73.26,6182.0,1417077.0,16008.91,16488.845,16060.689999999997,14032.24
노원,2015,6,5877.97,961.25,64.8,57390.0,442443.0,15751.03,15879.970000000005,16242.906666666668,13518.31
노원,2015,7,16202.26,12424.46,75.0,36186.0,1222156.0,5877.97,10814.500000000004,12545.97,17754.31
노원,2015,8,15677.0,19881.64,80.17,544.0,1686904.0,16202.26,11040.115000000003,12610.42,16788.96
노원,2015,9,14740.88,18954.58,78.98,1119.0,1615743.0,15677.0,15939.630000000005,12585.743333333334,17517.33
노원,2015,10,16697.31,18220.32,73.47,,1570212.0,14740.88,15208.940000000004,15540.046666666669,17678.09
노원,2015,11,17485.56,10356.68,66.6,60998.0,1083701.0,16697.31,15719.095000000005,15705.063333333334,17969.84
노원,2015,12,17643.72,18668.4,80.12,94852.0,1563954.0,17485.56,17091.435000000005,16307.916666666666,18037.49
노원,2016,1,15257.3,17885.24,72.12,1593231.0,1343162.0,17643.72,17564.640000000007,17275.530000000002,15991.76
노원,2016,2,16041.24,15079.47,65.0,1273715.0,1431758.0,15257.3,16450.510000000002,16795.52666666667,15204.38
노원,2016,3,16481.23,18934.88,76.35,1486108.0,1571896.0,16041.24,15649.270000000004,16314.086666666668,16968.78
노원,2016,4,16684.96,17955.98,74.82,1463789.0,1491996.0,16481.23,16261.235000000002,15926.590000000002,16008.91
노원,2016,5,18011.89,10536.17,71.19,1186863.0,1525439.0,16684.96,16583.095,16402.476666666666,15751.03
노원,2016,6,8818.84,4496.29,79.82,694342.0,1029821.0,18011.89,17348.425000000003,17059.36,5877.97
노원,2016,7,15482.96,18616.15,75.93,1619632.0,1370954.0,8818.84,13415.365000000003,14505.23,16202.26
노원,2016,8,16151.95,16215.04,75.3,1512560.0,1694372.0,15482.96,12150.900000000003,14104.563333333334,15677.0
노원,2016,9,15677.37,17099.81,75.27,1511982.0,1587064.0,16151.95,15817.455000000004,13484.583333333334,14740.88
노원,2016,10,15930.78,18776.87,75.71,1552466.0,1602151.0,15677.37,15914.660000000003,15770.76,16697.31
노원,2016,11,16189.3,15487.82,74.1,1310120.0,1451810.0,15930.78,15804.075000000004,15920.033333333336,17485.56
노원,2016,12,15353.73,11874.85,76.78,1175540.0,1685988.0,16189.3,16060.040000000005,15932.483333333332,17643.72
노원,2017,1,14429.62,18247.15,76.45,18037.0,1539596.0,15353.73,15771.515000000005,15824.603333333333,15257.3
노원,2017,2,13658.33,14100.79,75.81,29598.0,1334387.0,14429.62,14891.675000000005,15324.216666666667,16041.24
노원,2017,3,14845.0,16381.99,75.09,28374.0,1463516.0,13658.33,14043.975000000004,14480.56,16481.23
노원,2017,4,14372.53,16583.8,78.1,27768.0,1484563.0,14845.0,14251.665000000005,14310.983333333332,16684.96
노원,2017,5,5698.21,3095.83,79.38,30621.0,616386.0,14372.53,14608.765000000005,14291.953333333331,18011.89
노원,2017,6,15015.08,12954.85,76.21,22284.0,1205910.0,5698.21,10035.370000000004,11638.58,8818.84
노원,2017,7,16538.23,18099.09,76.85,41701.0,1589259.0,15015.08,10356.645000000004,11695.273333333333,15482.96
노원,2017,8,15773.9,18212.61,73.44,3129.0,1556078.0,16538.23,15776.655000000002,12417.173333333334,16151.95
노원,2017,9,14591.55,15951.07,66.46,342.0,1378525.0,15773.9,16156.065000000002,15775.736666666666,15677.37
노원,2017,10,15636.45,15937.02,67.1,6461.0,1449943.0,14591.55,15182.725000000002,15634.56,15930.78
노원,2017,11,16130.47,7921.57,72.67,42067.0,962714.0,15636.45,15114.000000000002,15333.966666666667,16189.3
노원,2017,12,15304.02,18222.99,75.41,26075.0,1609367.0,16130.47,15883.460000000005,15452.823333333334,15353.73
노원,2018,1,15228.96,17825.39,73.76,10873.0,1577047.0,15304.02,15717.245000000004,15690.313333333334,14429.62
노원,2018,2,14174.99,14120.01,69.39,5371.0,1354055.0,15228.96,15266.490000000002,15554.483333333332,13658.33
노원,2018,3,16206.47,15419.18,66.65,14980.0,1501893.0,14174.99,14701.975000000002,14902.656666666668,14845.0
노원,2018,4,15837.16,14415.15,69.3,265.0,1374719.0,16206.47,15190.73,15203.473333333332,14372.53
노원,2018,5,2510.5,1582.74,77.84,53583.0,532403.0,15837.16,16021.815000000002,15406.206666666663,5698.21
노원,2018,6,17394.33,16762.81,79.07,18909.0,1432698.0,2510.5,9173.830000000002,11518.043333333337,15015.08
노원,2018,7,16518.19,19198.55,78.41,11401.0,1684261.0,17394.33,9952.415000000005,11913.996666666668,16538.23
노원,2018,8,14957.15,18489.48,77.63,14452.0,1686845.0,16518.19,16956.260000000002,12141.006666666668,15773.9
노원,2018,9,15309.68,14787.7,72.67,37073.0,1491237.0,14957.15,15737.670000000002,16289.89,14591.55
노원,2018,10,16827.31,,74.63,29984.0,1685424.0,15309.68,15133.415,15595.006666666666,15636.45
노원,2018,11,16634.4,10851.67,84.45,36249.0,1086925.0,16827.31,16068.495000000004,15698.046666666669,16130.47
노원,2018,12,16055.1,2040846.0,82.85,8870.0,1695320.0,16634.4,16730.855000000003,16257.13,15304.02
노원,2020,1,15473.46,18444.08,74.37,2608.0,1629850.0,16055.1,16344.750000000004,16505.603333333336,
노원,2020,1,15255.69,18152.42,73.2,1485.0,1631267.0,15473.46,15764.280000000002,16054.320000000002,
노원,2020,2,14583.73,16221.17,73.07,9742.0,1497696.0,15255.69,15364.575,15594.75,
노원,2020,2,14275.25,14448.54,64.5,1089.0,1428481.0,14583.73,14919.710000000005,15104.293333333337,
노원,2020,3,15446.17,15809.18,63.75,139.0,1471016.0,14275.25,14429.490000000002,14704.89,
노원,2020,3,14932.92,15965.65,65.57,6095.0,1523104.0,15446.17,14860.710000000005,14768.383333333331,
노원,2020,4,14251.26,10764.0,62.82,7990.0,1167589.0,14932.92,15189.545000000002,14884.78,
노원,2020,4,15579.46,9942.71,71.79,29234.0,1109343.0,14251.26,14592.090000000002,14876.783333333336,
노원,2020,5,16019.55,13403.78,75.44,17220.0,1313741.0,15579.46,14915.36,14921.213333333337,
노원,2020,5,15885.7,18686.79,75.35,501.0,1620951.0,16019.55,15799.505,15283.423333333334,
노원,2020,6,16112.2,18033.54,75.14,138.0,1601499.0,15885.7,15952.625000000002,15828.236666666666,
노원,2020,6,14789.29,15927.68,72.18,18186.0,1491273.0,16112.2,15998.950000000004,16005.816666666668,
노원,2020,7,16550.54,17216.41,69.42,8417.0,1587311.0,14789.29,15450.745000000004,15595.730000000003,
노원,2020,7,16972.37,16829.38,67.86,42491.0,1596781.0,16550.54,15669.915000000005,15817.343333333336,
노원,2020,8,17313.14,17302.71,69.77,147756.0,1667906.0,16972.37,16761.455,16104.066666666671,
노원,2020,8,16160.8,16691.13,70.58,94831.0,1571320.0,17313.14,17142.755,16945.350000000002,
노원,2020,9,16215.89,15077.51,71.74,33592.0,1612067.0,16160.8,16736.97,16815.43666666667,
노원,2020,9,15470.61,16292.37,68.36,23445.0,1554545.0,16215.89,16188.345,16563.27666666667,
노원,2020,10,13873.6,11840.14,75.82,14120.0,1283771.0,15470.61,15843.250000000002,15949.1,
노원,2020,10,15577.13,10803.72,67.88,16360.0,1234999.0,13873.6,14672.105000000003,15186.700000000004,
노원,2020,11,7855.37,3424.2,74.44,45166.0,700916.0,15577.13,14725.365000000002,14973.780000000004,
노원,2020,11,8623.07,5108.8,76.06,53651.0,801725.0,7855.37,11716.250000000002,12435.366666666669,
노원,2020,12,16016.65,17882.98,72.11,185.0,1620937.0,8623.07,8239.220000000001,10685.190000000002,
노원,2020,12,14509.95,18464.19,74.45,2302.0,1625133.0,16016.65,12319.860000000002,10831.696666666669,
노원,2021,1,14535.0,16254.0,66.0,162.0,1550637.0,14509.95,15263.300000000005,13049.89,15255.69
노원,2021,2,14142.0,14026.0,63.0,183.0,1338809.0,14535.0,14522.475000000002,15020.533333333336,14275.25
노원,2021,3,16179.0,15983.0,66.0,5612.0,1508680.0,14142.0,14338.500000000004,14395.65,14932.92
노원,2021,4,15197.0,17646.0,74.0,191.0,1670988.0,16179.0,15160.500000000004,14952.000000000002,15579.46
노원,2021,5,15424.0,10208.0,74.0,24472.0,1127428.0,15197.0,15688.000000000004,15172.66666666667,15885.7
노원,2021,6,15711.0,18518.0,77.0,289.0,1688939.0,15424.0,15310.500000000004,15600.000000000002,14789.29
노원,2021,7,16026.0,18677.0,78.0,10135.0,1777884.0,15711.0,15567.500000000004,15444.000000000002,16972.37
노원,2021,8,15810.0,17311.0,71.0,6374.0,1600313.0,16026.0,15868.500000000004,15720.333333333336,16160.8
노원,2021,9,15778.0,17384.0,72.0,2101.0,1587172.0,15810.0,15918.000000000004,15849.000000000002,15470.61
노원,2021,10,11823.0,10188.0,63.0,26729.0,1164206.0,15778.0,15794.000000000004,15871.333333333336,15577.13
노원,2021,11,4296.0,2104.0,74.0,63901.0,536850.0,11823.0,13800.500000000004,14470.333333333336,8623.07
노원,2021,12,15309.0,16736.0,72.0,12037.0,1570655.0,4296.0,8059.500000000003,10632.333333333336,14509.95
노원,2022,1,14510.0,17881.0,73.0,7919.0,1614792.0,15309.0,9802.500000000004,10476.000000000002,14535.0
노원,2022,2,13679.0,13535.0,65.0,7801.0,1324451.0,14510.0,14909.500000000004,11371.66666666667,14142.0
노원,2022,3,15214.0,15061.0,65.0,14524.0,1485355.0,13679.0,14094.500000000004,14499.333333333336,16179.0
노원,2022,4,14129.0,13566.0,66.0,1658.0,1371154.0,15214.0,14446.500000000004,14467.66666666667,15197.0
노원,2022,5,14567.0,12014.0,71.0,28140.0,1206434.0,14129.0,14671.500000000004,14340.66666666667,15424.0
노원,2022,6,14268.0,16345.0,71.0,10844.0,1548814.0,14567.0,14348.000000000004,14636.66666666667,15711.0
노원,2022,7,14911.0,16717.0,72.0,10346.0,1632820.0,14268.0,14417.500000000004,14321.333333333336,16026.0
노원,2022,8,15911.0,15496.0,62.0,3598.0,1556581.0,14911.0,14589.500000000004,14582.000000000002,15810.0
노원,2022,9,14501.0,13607.0,67.0,31059.0,1442715.0,15911.0,15411.000000000004,15030.000000000002,15778.0
노원,2022,10,9049.0,10718.0,75.0,12061.0,1200591.0,14501.0,15206.000000000004,15107.66666666667,11823.0
노원,2022,11,9491.0,1979.0,82.0,78996.0,601471.0,9049.0,11775.000000000004,13153.66666666667,4296.0
노원,2022,12,14621.0,16865.0,71.0,27187.0,1644291.0,9491.0,9270.000000000004,11013.66666666667,15309.0
노원,2023,1,14822.0,16507.0,67.0,191.0,1601248.0,14621.0,12056.000000000004,11053.66666666667,14510.0
노원,2023,2,13080.0,15401.0,69.0,301.0,1521096.0,14822.0,14721.500000000004,12978.000000000002,13679.0
노원,2023,3,14356.0,15585.0,65.0,5256.0,1614913.0,13080.0,13951.000000000004,14174.333333333336,15214.0
노원,2023,4,13095.0,12013.0,60.0,11457.0,1416459.0,14356.0,13718.000000000004,14086.000000000002,14129.0
노원,2023,5,14893.0,9958.0,69.0,29084.0,1189196.0,13095.0,13725.500000000004,13510.333333333336,14567.0
노원,2023,6,14169.0,16400.0,68.0,206.0,1704356.0,14893.0,13994.000000000004,14114.66666666667,14268.0
노원,2023,7,15333.0,16553.0,68.0,6689.0,1763347.0,14169.0,14531.000000000004,14052.333333333336,14911.0
노원,2023,8,14588.0,13601.0,62.0,16482.0,1499310.0,15333.0,14751.000000000004,14798.333333333336,15911.0
노원,2023,9,13217.0,17005.0,71.0,310.0,1661605.0,14588.0,14960.500000000004,14696.66666666667,14501.0
노원,2023,10,7829.0,8243.0,56.0,9250.0,1008103.0,13217.0,13902.500000000004,14379.333333333336,9049.0
노원,2023,11,8758.0,1833.0,71.0,54132.0,521736.0,7829.0,10523.000000000004,11878.000000000002,9491.0
노원,2023,12,14546.0,14911.0,69.0,28124.0,1597689.0,8758.0,8293.500000000004,9934.66666666667,14621.0
노원,2024,1,15263.0,14592.0,67.0,24520.0,1573961.0,14546.0,11652.000000000004,10377.66666666667,14822.0
노원,2024,2,14032.0,14101.0,67.0,13755.0,1485273.0,15263.0,14904.500000000004,12855.66666666667,13080.0
노원,2024,3,13896.0,16453.0,70.0,5654.0,1539763.0,14032.0,14647.500000000004,14613.66666666667,14356.0
노원,2024,4,14415.0,14969.0,72.0,5980.0,1480844.0,13896.0,13964.000000000004,14397.000000000002,13095.0
노원,2024,5,15404.0,11211.0,74.0,22156.0,1239350.0,14415.0,14155.500000000004,14114.333333333336,14893.0
노원,2024,6,13508.0,16460.0,70.0,5667.0,1664483.0,15404.0,14909.500000000004,14571.66666666667,14169.0
노원,2024,7,15299.0,15859.0,69.0,35145.0,1675303.0,13508.0,14456.000000000004,14442.333333333336,15333.0
노원,2024,8,13449.0,16062.0,68.0,21279.0,1622486.0,15299.0,14403.500000000004,14737.000000000002,14588.0
노원,2024,9,13395.0,13811.0,59.0,6523.0,1342441.0,13449.0,14374.000000000004,14085.333333333336,13217.0
노원,2024,10,8893.0,10564.0,66.0,4979.0,1185451.0,13395.0,13422.000000000004,14047.66666666667,7829.0
노원,2024,11,7996.0,2051.0,73.0,43446.0,456325.0,8893.0,11144.000000000004,11912.333333333336,8758.0
노원,2024,12,13724.0,15081.0,66.0,10022.0,1389784.0,7996.0,8444.500000000004,10094.66666666667,14546.0
노원,2025,1,12581.0,15254.0,62.0,308.0,1406620.0,13724.0,10860.000000000004,10204.333333333336,15263.0
노원,2025,2,12284.0,12594.0,59.0,17505.0,1230715.0,12581.0,13152.500000000004,11433.66666666667,14032.0
노원,2025,3,13350.0,13621.0,55.0,181.0,1280953.0,12284.0,12432.500000000004,12863.000000000002,13896.0
노원,2025,4,13403.0,6411.0,58.0,46554.0,837995.0,13350.0,12817.000000000004,12738.333333333336,14415.0
노원,2025,5,14022.0,13976.0,60.0,15706.0,1341812.0,13403.0,13376.500000000004,13012.333333333336,15404.0
노원,2025,6,13265.0,15704.0,65.0,220.0,1454724.0,14022.0,13712.500000000004,13591.66666666667,13508.0
노원,2025,7,14203.0,16252.0,66.0,807.0,1553321.0,13265.0,13643.500000000004,13563.333333333336,15299.0
노원,2025,8,12679.0,13817.0,60.0,25189.0,1398852.0,14203.0,13734.000000000004,13830.000000000002,13449.0
노원,2025,9,13590.0,14404.0,60.0,126.0,1393551.0,12679.0,13441.000000000004,13382.333333333336,13395.0
노원,2025,10,8511.0,9887.0,65.0,8230.0,1051877.0,13590.0,13134.500000000004,13490.66666666667,8893.0
노원,2025,11,8584.0,2468.0,77.0,48920.0,513578.0,8511.0,11050.500000000004,11593.333333333336,7996.0
노원,2025,12,13477.0,14746.0,66.0,12223.0,1442865.0,8584.0,8547.500000000004,10228.333333333336,13724.0
노원,2026,1,13338.0,16037.0,65.0,299.0,1573951.0,13477.0,11030.500000000004,10190.66666666667,12581.0
노원,2026,2,12682.0,14124.0,63.0,602.0,1411087.0,13338.0,13407.500000000004,11799.66666666667,12284.0
노원,2026,3,13590.0,8381.0,70.0,35923.0,1113627.0,12682.0,13010.000000000004,13165.66666666667,13350.0
노원,2026,4,13272.0,14740.0,61.0,1000.0,1363453.0,13590.0,13136.000000000004,13203.333333333336,13403.0
마포,2014,1,17301.06,19498.02,85.82,7320.0,2016252.0,,,,
마포,2014,2,16381.55,17990.94,85.67,496.0,1834687.0,17301.06,,,
마포,2014,3,18870.51,19787.11,85.11,99.0,2034390.0,16381.55,16841.305,,
마포,2014,4,9555.06,9555.37,78.0,12934.0,1337997.0,18870.51,17626.03,17517.706666666665,
마포,2014,5,14072.45,9322.47,82.87,41517.0,1040905.0,9555.06,14212.785,14935.706666666669,
마포,2014,6,18017.42,19385.19,86.16,,1656582.0,14072.45,11813.755,14166.006666666666,
마포,2014,7,19472.84,20024.8,86.13,,1814261.0,18017.42,16044.935,13881.643333333332,
마포,2014,8,18078.48,20024.01,86.12,,1822516.0,19472.84,18745.13,17187.57,
마포,2014,9,18719.54,18665.01,86.06,6560.0,1677694.0,18078.48,18775.660000000003,18522.91333333333,
마포,2014,10,19719.78,18747.43,85.22,,1680506.0,18719.54,18399.01,18756.95333333333,
마포,2014,11,16055.22,14015.13,85.53,30107.0,1451841.0,19719.78,19219.660000000003,18839.266666666663,
마포,2014,12,20343.66,18690.12,85.97,23517.0,1748108.0,16055.22,17887.5,18164.846666666665,
마포,2015,1,18066.42,19954.25,86.09,1206.0,1762628.0,20343.66,18199.44,18706.22,17301.06
마포,2015,2,16075.46,18082.33,86.11,300.0,1578850.0,18066.42,19205.04,18155.1,16381.55
마포,2015,3,19075.13,19976.67,85.92,,1711024.0,16075.46,17070.940000000002,18161.846666666665,18870.51
마포,2015,4,18698.62,18888.2,85.33,22554.0,1658538.0,19075.13,17575.295000000006,17739.00333333333,9555.06
마포,2015,5,4610.29,3201.74,82.63,11256.0,742697.0,18698.62,18886.875000000004,17949.736666666668,14072.45
마포,2015,6,16021.62,16594.62,85.65,42070.0,1579063.0,4610.29,11654.455000000004,14128.013333333334,18017.42
마포,2015,7,17395.36,19961.08,85.85,303.0,1856225.0,16021.62,10315.955000000004,13110.176666666666,19472.84
마포,2015,8,17134.07,17748.66,76.34,,1827965.0,17395.36,16708.490000000005,12675.756666666668,18078.48
마포,2015,9,16988.5,16885.37,75.05,,1678474.0,17134.07,17264.715000000004,16850.350000000002,18719.54
마포,2015,10,19825.23,18781.91,80.78,,1784136.0,16988.5,17061.285000000003,17172.643333333337,19719.78
마포,2015,11,16481.87,12577.63,86.0,21324.0,1417602.0,19825.23,18406.865000000005,17982.600000000002,16055.22
마포,2015,12,17741.54,19676.8,85.98,16617.0,1784135.0,16481.87,18153.550000000003,17765.199999999997,20343.66
마포,2016,1,17584.49,19972.03,85.9,106.0,1806144.0,17741.54,17111.705,18016.213333333333,18066.42
마포,2016,2,17311.41,17438.92,80.18,,1683835.0,17584.49,17663.015000000007,17269.3,16075.46
마포,2016,3,19894.33,19410.21,83.86,1777.0,1772161.0,17311.41,17447.950000000004,17545.813333333335,19075.13
마포,2016,4,19552.37,18947.37,84.21,,1737372.0,19894.33,18602.870000000003,18263.410000000003,18698.62
마포,2016,5,0.0,1397.1,85.98,6385.0,570208.0,19552.37,19723.35000000001,18919.37,4610.29
마포,2016,6,19615.89,15525.07,85.85,62681.0,1638611.0,0.0,9776.185000000003,13148.9,16021.62
마포,2016,7,19087.94,20012.48,86.07,22295.0,1947517.0,19615.89,9807.945000000003,13056.086666666664,17395.36
마포,2016,8,19139.49,20012.01,86.07,,1933442.0,19087.94,19351.915,12901.276666666668,17134.07
마포,2016,9,17147.66,19352.19,86.01,797.0,1783654.0,19139.49,19113.715000000004,19281.106666666667,16988.5
마포,2016,10,21354.55,19536.43,85.72,480.0,1802467.0,17147.66,18143.575000000004,18458.36333333333,19825.23
마포,2016,11,14163.3,12021.17,84.36,44919.0,1451856.0,21354.55,19251.105000000003,19213.9,16481.87
마포,2016,12,18783.32,19441.41,83.62,39432.0,1895791.0,14163.3,17758.925000000003,17555.17,17741.54
마포,2017,1,17748.59,19742.37,84.91,,1888873.0,18783.32,16473.310000000005,18100.39,17584.49
마포,2017,2,16981.21,17408.46,84.79,4259.0,1671564.0,17748.59,18265.955,16898.403333333332,17311.41
마포,2017,3,18793.86,18829.94,83.42,21302.0,1770156.0,16981.21,17364.9,17837.70666666667,19894.33
마포,2017,4,18876.12,16243.22,75.4,39342.0,1693493.0,18793.86,17887.535000000003,17841.22,19552.37
마포,2017,5,5812.99,4505.32,73.43,3910.0,789805.0,18876.12,18834.990000000005,18217.06333333333,0.0
마포,2017,6,10317.79,12092.23,83.27,55036.0,1309080.0,5812.99,12344.555000000004,14494.323333333334,19615.89
마포,2017,7,16435.18,17220.64,83.49,36044.0,1884996.0,10317.79,8065.390000000004,11668.966666666667,19087.94
마포,2017,8,14976.57,13223.84,79.89,29170.0,1686669.0,16435.18,13376.485000000004,10855.320000000002,19139.49
마포,2017,9,15862.62,16746.19,79.74,,1731479.0,14976.57,15705.875000000004,13909.846666666666,17147.66
마포,2017,10,9843.0,10833.6,76.0,41812.0,1358090.0,15862.62,15419.595000000005,15758.123333333337,21354.55
마포,2017,11,17770.7,17005.7,82.5,17735.0,1613080.0,9843.0,12852.810000000003,13560.73,14163.3
마포,2017,12,18841.4,18613.5,81.9,24334.0,1800267.0,17770.7,13806.850000000002,14492.106666666668,18783.32
마포,2018,1,13530.6,16059.2,81.7,44258.0,1703833.0,18841.4,18306.050000000003,15485.033333333333,17748.59
마포,2018,2,17436.3,17493.3,83.3,9549.0,1621306.0,13530.6,16186.000000000004,16714.233333333334,16981.21
마포,2018,3,19974.4,18334.8,80.6,35637.0,1710929.0,17436.3,15483.45,16602.766666666666,18793.86
마포,2018,4,6486.4,9429.7,81.0,8080.0,1070962.0,19974.4,18705.35,16980.433333333334,18876.12
마포,2018,5,5853.6,3304.0,73.93,57642.0,614507.0,6486.4,13230.4,14632.366666666669,5812.99
마포,2018,6,17810.0,15749.9,78.63,23965.0,1599874.0,5853.6,6170.0,10771.466666666667,10317.79
마포,2018,7,15442.7,17483.6,75.2,84193.0,1830586.0,17810.0,11831.8,10050.0,16435.18
마포,2018,8,15916.2,,79.21,26420.0,1892750.0,15442.7,16626.35,13035.433333333334,14976.57
마포,2018,9,16471.0,,79.54,1372.0,1776353.0,15916.2,15679.45,16389.633333333335,15862.62
마포,2018,10,15984.6,14380.4,77.64,31062.0,1627583.0,16471.0,16193.6,15943.3,9843.0
마포,2018,11,14180.6,13495.9,82.1,48510.0,1490379.0,15984.6,16227.8,16123.933333333334,17770.7
마포,2018,12,17615.1,18988.8,83.1,5275.0,1740423.0,14180.6,15082.6,15545.4,18841.4
마포,2019,1,18426.4,17696.3,76.11,805.0,1672843.0,17615.1,15897.85,15926.766666666668,13530.6
마포,2019,2,15478.0,13150.4,74.17,29957.0,1425648.0,18426.4,18020.75,16740.7,17436.3
마포,2019,3,14406.3,16650.5,71.62,2499.0,1676367.0,15478.0,16952.2,17173.166666666668,19974.4
마포,2019,4,10692.6,10200.8,72.75,31025.0,1303878.0,14406.3,14942.15,16103.566666666668,6486.4
마포,2019,5,16475.0,15746.3,80.15,31715.0,1577308.0,10692.6,12549.45,13525.633333333331,5853.6
마포,2019,6,18123.9,17965.6,79.85,,1688601.0,16475.0,13583.8,13857.966666666667,17810.0
마포,2019,7,16817.7,18535.8,79.72,,1794923.0,18123.9,17299.45,15097.166666666666,15442.7
마포,2019,8,18158.3,16036.6,80.06,16772.0,1747524.0,16817.7,17470.800000000003,17138.86666666667,15916.2
마포,2019,9,13605.7,15284.9,79.36,9785.0,1742690.0,18158.3,17488.0,17699.96666666667,16471.0
마포,2019,10,239.5,436.5,80.58,6527.0,489.0,13605.7,15882.0,16193.9,15984.6
마포,2019,11,12837.8,12046.4,75.2,83853.0,1352817.0,239.5,6922.6,10667.833333333334,14180.6
마포,2019,12,7436.9,9423.9,73.7,53572.0,1255964.0,12837.8,6538.65,8894.333333333334,17615.1
마포,2020,1,13517.7,14516.2,79.04,23151.0,1495822.0,7436.9,10137.35,6838.066666666668,18426.4
마포,2020,2,17216.4,16547.8,79.67,10198.0,1600975.0,13517.7,10477.3,11264.133333333331,15478.0
마포,2020,3,16513.0,18636.2,80.16,,1782059.0,17216.4,15367.05,12723.666666666666,14406.3
마포,2020,4,13419.0,13238.2,79.78,2135.0,1505624.0,16513.0,16864.699999999997,15749.033333333336,10692.6
마포,2020,5,13367.3,13904.3,79.45,36774.0,1526689.0,13419.0,14965.999999999998,15716.133333333337,16475.0
마포,2020,6,18502.0,16728.1,79.74,13564.0,1760074.0,13367.3,13393.149999999998,14433.1,18123.9
마포,2020,7,17434.2,18545.3,79.76,1660.0,1984456.0,18502.0,15934.649999999998,15096.1,16817.7
마포,2020,8,18370.6,17064.7,76.16,42103.0,2049522.0,17434.2,17968.1,16434.5,18158.3
마포,2020,9,15306.5,16306.6,72.47,5022.0,1945703.0,18370.6,17902.399999999998,18102.266666666663,13605.7
마포,2020,10,2636.2,6004.6,71.97,2609.0,1102799.0,15306.5,16838.549999999996,17037.100000000002,239.5
마포,2020,11,8448.7,6625.4,79.11,46501.0,944667.0,2636.2,8971.349999999999,12104.433333333334,12837.8
마포,2020,12,14997.4,17771.5,76.44,1424.0,1791659.0,8448.7,5542.449999999999,8797.133333333335,7436.9
마포,2021,1,16611.0,14606.0,63.0,0.0,1670854.0,14997.4,11723.05,8694.1,13517.7
마포,2021,2,14443.0,14279.0,72.0,15458.0,1571769.0,16611.0,15804.2,13352.366666666669,17216.4
마포,2021,3,17865.0,16919.0,75.0,19659.0,1839251.0,14443.0,15527.0,15350.466666666667,16513.0
마포,2021,4,4121.0,6272.0,75.0,2653.0,941102.0,17865.0,16154.0,16306.333333333334,13419.0
마포,2021,5,8233.0,6435.0,72.0,62550.0,968501.0,4121.0,10993.0,12143.0,13367.3
마포,2021,6,17169.0,17895.0,80.0,0.0,1787519.0,8233.0,6177.0,10073.0,18502.0
마포,2021,7,18385.0,18475.0,79.0,0.0,1921649.0,17169.0,12701.0,9841.0,17434.2
마포,2021,8,17271.0,17310.0,80.0,12201.0,1888863.0,18385.0,17777.0,14595.666666666666,18370.6
마포,2021,9,17048.0,17468.0,78.0,0.0,1872247.0,17271.0,17828.0,17608.333333333332,15306.5
마포,2021,10,13286.0,12371.0,75.0,21215.0,1613295.0,17048.0,17159.5,17568.0,2636.2
마포,2021,11,15180.0,13521.0,79.0,28703.0,1561568.0,13286.0,15167.0,15868.333333333334,8448.7
마포,2021,12,15938.0,17021.0,79.0,11853.0,1801858.0,15180.0,14233.0,15171.333333333334,14997.4
마포,2022,1,16985.0,18410.0,79.0,0.0,1865198.0,15938.0,15559.0,14801.333333333334,16611.0
마포,2022,2,14619.0,16552.0,79.0,0.0,1692242.0,16985.0,16461.5,16034.333333333334,14443.0
마포,2022,3,17543.0,16206.0,73.0,12370.0,1777719.0,14619.0,15802.0,15847.333333333334,17865.0
마포,2022,4,11089.0,10550.0,77.0,10490.0,1379853.0,17543.0,16081.0,16382.333333333334,4121.0
마포,2022,5,15132.0,14646.0,79.0,48824.0,1657990.0,11089.0,14316.0,14417.0,8233.0
마포,2022,6,17438.0,17679.0,80.0,4440.0,1854295.0,15132.0,13110.5,14588.0,17169.0
마포,2022,7,17620.0,17074.0,79.0,8589.0,1958951.0,17438.0,16285.0,14553.0,18385.0
마포,2022,8,17181.0,18019.0,80.0,4584.0,1948216.0,17620.0,17529.0,16730.0,17271.0
마포,2022,9,8795.0,10706.0,77.0,1425.0,1454804.0,17181.0,17400.5,17413.0,17048.0
마포,2022,10,,987.0,76.0,1941.0,,8795.0,12988.0,14532.0,13286.0
마포,2022,11,13925.0,11904.0,80.0,163884.0,1487616.0,,,,15180.0
마포,2022,12,17103.0,17048.0,80.0,6867.0,1880991.0,13925.0,,,15938.0
마포,2023,1,16138.0,17221.0,74.0,0.0,1892523.0,17103.0,15514.0,,16985.0
마포,2023,2,15317.0,15817.0,75.0,13.0,1730860.0,16138.0,16620.5,15722.0,14619.0
마포,2023,3,17415.0,16680.0,79.0,6160.0,1853317.0,15317.0,15727.5,16186.0,17543.0
마포,2023,4,14632.0,13987.0,79.0,11812.0,1673680.0,17415.0,16366.0,16290.0,11089.0
마포,2023,5,14219.0,14021.0,80.0,17661.0,1719114.0,14632.0,16023.5,15788.0,15132.0
마포,2023,6,16733.0,16424.0,77.0,7328.0,1839790.0,14219.0,14425.5,15422.0,17438.0
마포,2023,7,18335.0,18588.0,80.0,349.0,2056619.0,16733.0,15476.0,15194.666666666666,17620.0
마포,2023,8,17715.0,17840.0,80.0,5273.0,2050846.0,18335.0,17534.0,16429.0,17181.0
마포,2023,9,16028.0,18026.0,80.0,0.0,2010426.0,17715.0,18025.0,17594.333333333332,8795.0
마포,2023,10,7966.0,8550.0,80.0,5836.0,1122728.0,16028.0,16871.5,17359.333333333332,
마포,2023,11,3651.0,2510.0,4.0,51315.0,671994.0,7966.0,11997.0,13903.0,13925.0
마포,2023,12,17205.0,17568.0,80.0,,1899112.0,3651.0,5808.5,9215.0,17103.0
마포,2024,1,17120.0,15863.0,78.0,12254.0,1825588.0,17205.0,10428.0,9607.333333333334,16138.0
마포,2024,2,15432.0,13934.0,75.0,6014.0,1683284.0,17120.0,17162.5,12658.666666666666,15317.0
마포,2024,3,16448.0,18124.0,80.0,6711.0,1903492.0,15432.0,16276.0,16585.666666666668,17415.0
마포,2024,4,14852.0,13521.0,79.0,5111.0,1532073.0,16448.0,15940.0,16333.333333333334,14632.0
마포,2024,5,13368.0,13260.0,80.0,27232.0,1616140.0,14852.0,15650.0,15577.333333333334,14219.0
마포,2024,6,15808.0,17629.0,78.0,,1837152.0,13368.0,14110.0,14889.333333333334,16733.0
마포,2024,7,18070.0,16702.0,72.0,,1892758.0,15808.0,14588.0,14676.0,18335.0
마포,2024,8,15875.0,16401.0,72.0,6590.0,1899580.0,18070.0,16939.0,15748.666666666666,17715.0
마포,2024,9,15480.0,14642.0,71.0,8730.0,1814534.0,15875.0,16972.5,16584.333333333332,16028.0
마포,2024,10,7329.0,7703.0,79.0,1976.0,1152750.0,15480.0,15677.5,16475.0,7966.0
마포,2024,11,7509.0,5341.0,79.0,73820.0,868652.0,7329.0,11404.5,12894.666666666666,3651.0
마포,2024,12,15141.0,17760.0,79.0,7051.0,1719758.0,7509.0,7419.0,10106.0,17205.0
마포,2025,1,14476.0,14816.0,64.0,4296.0,1616349.0,15141.0,11325.0,9993.0,17120.0
마포,2025,2,13086.0,12899.0,61.0,192.0,1470903.0,14476.0,14808.5,12375.333333333334,15432.0
마포,2025,3,15468.0,14955.0,66.0,4452.0,1652579.0,13086.0,13781.0,14234.333333333334,16448.0
마포,2025,4,12329.0,9051.0,80.0,18569.0,1245895.0,15468.0,14277.0,14343.333333333334,14852.0
마포,2025,5,16047.0,17365.0,78.0,6388.0,1602820.0,12329.0,13898.5,13627.666666666666,13368.0
마포,2025,6,10437.0,12479.0,59.0,5343.0,1538289.0,16047.0,14188.0,14614.666666666666,15808.0
마포,2025,7,16099.0,14612.0,64.0,23.0,1676700.0,10437.0,13242.0,12937.666666666666,18070.0
마포,2025,8,15335.0,16259.0,71.0,3987.0,1698040.0,16099.0,13268.0,14194.333333333334,15875.0
마포,2025,9,16133.0,15340.0,68.0,,1586497.0,15335.0,15717.0,13957.0,15480.0
마포,2025,10,7404.0,7404.0,75.0,6476.0,1081616.0,16133.0,15734.0,15855.666666666666,7329.0
마포,2025,11,3992.0,937.0,70.0,77791.0,603489.0,7404.0,11768.5,12957.333333333334,7509.0
마포,2025,12,16636.0,17360.0,80.0,14999.0,1680579.0,3992.0,5698.0,9176.333333333334,15141.0
마포,2026,1,14971.0,17665.0,80.0,12297.0,1646346.0,16636.0,10314.0,9344.0,14476.0
마포,2026,2,13711.0,14285.0,70.0,5182.0,1453679.0,14971.0,15803.5,11866.333333333334,13086.0
마포,2026,3,14252.0,16738.0,73.0,99.0,1636629.0,13711.0,14341.0,15106.0,15468.0
마포,2026,4,16012.0,11124.0,80.0,15728.0,1338346.0,14252.0,13981.5,14311.333333333334,12329.0
양천,2014,1,9019.33,10813.27,87.2,61316.0,782268.0,,,,
양천,2014,2,9747.86,9721.3,86.8,51230.0,675624.0,9019.33,,,
양천,2014,3,10325.71,10221.78,87.18,58192.0,737920.0,9747.86,9383.595000000001,,
양천,2014,4,10280.52,8522.53,86.96,54309.0,654748.0,10325.71,10036.785,9697.633333333333,
양천,2014,5,10163.29,9960.41,86.74,71612.0,732480.0,10280.52,10303.115,10118.029999999999,
양천,2014,6,9860.24,10466.07,87.22,63325.0,789768.0,10163.29,10221.905,10256.506666666666,
양천,2014,7,11292.52,10822.48,87.28,66119.0,804784.0,9860.24,10011.765,10101.35,
양천,2014,8,10477.7,10185.59,87.12,66466.0,775444.0,11292.52,10576.380000000001,10438.683333333332,
양천,2014,9,10233.55,10106.16,88.33,73208.0,749012.0,10477.7,10885.11,10543.486666666668,
양천,2014,10,3178.83,6021.81,90.33,93264.0,498496.0,10233.55,10355.625,10667.923333333334,
양천,2014,11,3108.89,285.7,77.92,25715.0,242244.0,3178.83,6706.19,7963.360000000001,
양천,2014,12,11253.7,10804.53,87.13,78305.0,778784.0,3108.89,3143.8599999999997,5507.09,
양천,2015,1,10097.74,10817.55,87.24,73526.0,765283.0,11253.7,7181.295,5847.139999999999,9019.33
양천,2015,2,9765.55,9766.79,87.2,61533.0,639424.0,10097.74,10675.720000000001,8153.443333333334,9747.86
양천,2015,3,9411.6,10709.81,86.37,68825.0,732001.0,9765.55,9931.645,10372.33,10325.71
양천,2015,4,8825.98,9307.92,77.57,63181.0,689522.0,9411.6,9588.575,9758.296666666667,10280.52
양천,2015,5,9349.45,9646.45,77.79,62415.0,739298.0,8825.98,9118.79,9334.376666666667,10163.29
양천,2015,6,8860.44,9106.77,75.89,67792.0,742826.0,9349.45,9087.715,9195.676666666668,9860.24
양천,2015,7,9361.37,9016.02,79.79,75304.0,774017.0,8860.44,9104.945,9011.956666666667,11292.52
양천,2015,8,9007.74,9007.02,72.64,69124.0,807435.0,9361.37,9110.905,9190.42,10477.7
양천,2015,9,1736.34,2310.24,74.93,20318.0,310269.0,9007.74,9184.555,9076.516666666668,10233.55
양천,2015,10,5766.27,3582.27,80.35,75647.0,374658.0,1736.34,5372.04,6701.816666666666,3178.83
양천,2015,11,10050.68,10312.85,85.94,58418.0,714483.0,5766.27,3751.3050000000003,5503.45,3108.89
양천,2015,12,10491.56,10388.89,85.68,54816.0,721065.0,10050.68,7908.475,5851.096666666667,11253.7
양천,2016,1,9291.43,10228.97,82.49,51481.0,719649.0,10491.56,10271.119999999999,8769.503333333334,10097.74
양천,2016,2,9450.51,9303.51,80.2,41418.0,650263.0,9291.43,9891.494999999999,9944.556666666665,9765.55
양천,2016,3,9834.12,9945.9,80.21,49131.0,717640.0,9450.51,9370.970000000001,9744.5,9411.6
양천,2016,4,9694.02,9658.3,80.49,48173.0,686427.0,9834.12,9642.315,9525.353333333334,8825.98
양천,2016,5,9135.83,9965.21,80.36,50844.0,713660.0,9694.02,9764.07,9659.550000000001,9349.45
양천,2016,6,0.0,428.21,91.76,5539.0,244412.0,9135.83,9414.925,9554.656666666668,8860.44
양천,2016,7,8190.37,6592.35,83.1,40542.0,568921.0,0.0,4567.915,6276.616666666666,9361.37
양천,2016,8,9667.86,9947.79,81.71,49996.0,737536.0,8190.37,4095.185,5775.400000000001,9007.74
양천,2016,9,9027.47,8559.43,78.77,46481.0,638556.0,9667.86,8929.115,5952.743333333335,1736.34
양천,2016,10,9706.95,10352.56,83.49,52285.0,679338.0,9027.47,9347.665,8961.9,5766.27
양천,2016,11,10477.63,9832.2,83.56,54826.0,655306.0,9706.95,9367.21,9467.426666666668,10050.68
양천,2016,12,9321.5,9528.27,82.73,51431.0,652474.0,10477.63,10092.29,9737.35,10491.56
양천,2017,1,9260.88,9976.59,80.46,50228.0,690552.0,9321.5,9899.564999999999,9835.36,9291.43
양천,2017,2,8258.38,7591.9,72.3,39679.0,601265.0,9260.88,9291.189999999999,9686.67,9450.51
양천,2017,3,9019.82,9498.54,76.6,48470.0,683618.0,8258.38,8759.63,8946.92,9834.12
양천,2017,4,8893.29,9134.02,76.12,44879.0,648335.0,9019.82,8639.099999999999,8846.36,9694.02
양천,2017,5,6935.11,7745.6,65.73,47993.0,649057.0,8893.29,8956.555,8723.830000000002,9135.83
양천,2017,6,1532.13,0.0,0.0,24417.0,269244.0,6935.11,7914.200000000001,8282.74,0.0
양천,2017,7,10094.64,10228.51,85.0,78156.0,752211.0,1532.13,4233.62,5786.843333333334,8190.37
양천,2017,8,9168.75,9543.69,81.8,56407.0,767088.0,10094.64,5813.385,6187.293333333334,9667.86
양천,2017,9,8473.63,8404.65,70.04,39144.0,662893.0,9168.75,9631.695,6931.84,9027.47
양천,2017,10,8768.33,8739.55,72.73,42070.0,672931.0,8473.63,8821.189999999999,9245.673333333332,9706.95
양천,2017,11,9628.87,7704.53,85.29,48728.0,688677.0,8768.33,8620.98,8803.57,10477.63
양천,2017,12,8937.16,10529.8,84.92,50332.0,755450.0,9628.87,9198.6,8956.943333333335,9321.5
양천,2018,1,9280.01,9150.34,73.79,44456.0,681310.0,8937.16,9283.015,9111.453333333333,9260.88
양천,2018,2,8803.02,7566.18,72.4,37869.0,574176.0,9280.01,9108.585,9282.013333333334,8258.38
양천,2018,3,10147.57,10479.51,84.51,48697.0,692562.0,8803.02,9041.515,9006.730000000001,9019.82
양천,2018,4,6927.79,10043.2,90.55,57821.0,720736.0,10147.57,9475.295,9410.2,8893.29
양천,2018,5,5675.89,2100.31,86.31,81751.0,364072.0,6927.79,8537.68,8626.126666666669,6935.11
양천,2018,6,10595.87,10870.59,90.59,66318.0,865804.0,5675.89,6301.84,7583.75,1532.13
양천,2018,7,10566.2,11073.37,89.3,67443.0,903723.0,10595.87,8135.880000000001,7733.183333333334,10094.64
양천,2018,8,10089.51,8717.73,86.31,50998.0,792979.0,10566.2,10581.035,8945.986666666668,9168.75
양천,2018,9,9318.02,10826.75,90.22,54050.0,803347.0,10089.51,10327.855,10417.193333333335,8473.63
양천,2018,10,10565.27,11197.59,90.3,1896.0,818465.0,9318.02,9703.765,9991.243333333334,8768.33
양천,2018,11,10292.32,8499.05,87.85,46291.0,694317.0,10565.27,9941.645,9990.933333333334,9628.87
양천,2018,12,9549.5,10199.2,90.13,54800.0,765081.0,10292.32,10428.794999999998,10058.536666666667,8937.16
양천,2019,1,9278.35,10797.93,87.08,57710.0,783322.0,9549.5,9920.91,10135.696666666669,9280.01
양천,2019,2,9258.58,9413.98,84.05,50423.0,697111.0,9278.35,9413.925,9706.723333333333,8803.02
양천,2019,3,7863.19,7258.57,78.05,47954.0,667883.0,9258.58,9268.465,9362.143333333333,10147.57
양천,2019,4,10259.77,9386.17,89.68,56950.0,716238.0,7863.19,8560.884999999998,8800.04,6927.79
양천,2019,5,10121.37,11206.09,90.37,64813.0,818653.0,10259.77,9061.48,9127.180000000002,5675.89
양천,2019,6,9315.94,9300.31,84.42,59883.0,782406.0,10121.37,10190.57,9414.776666666667,10595.87
양천,2019,7,10995.19,10262.57,83.89,68266.0,872073.0,9315.94,9718.654999999999,9899.026666666668,10566.2
양천,2019,8,10167.27,9528.84,88.37,67005.0,843744.0,10995.19,10155.564999999999,10144.16666666667,10089.51
양천,2019,9,10232.88,10433.61,89.88,73448.0,814732.0,10167.27,10581.23,10159.466666666667,9318.02
양천,2019,10,2078.88,6751.23,89.42,47489.0,623808.0,10232.88,10200.074999999999,10465.113333333335,10565.27
양천,2019,11,5706.03,2799.3,89.34,24390.0,341708.0,2078.88,6155.879999999999,7493.010000000001,10292.32
양천,2019,12,9574.4,10695.61,88.64,63263.0,807870.0,5706.03,3892.454999999999,6005.93,9549.5
양천,2020,1,10140.33,9821.99,79.21,47597.0,765406.0,9574.4,7640.214999999998,5786.436666666668,9278.35
양천,2020,2,9963.28,9757.0,84.11,48963.0,800664.0,10140.33,9857.365,8473.586666666668,9258.58
양천,2020,3,10247.69,10523.27,87.94,54483.0,854560.0,9963.28,10051.805,9892.67,7863.19
양천,2020,4,7085.55,7452.73,89.34,46208.0,689662.0,10247.69,10105.485,10117.1,10259.77
양천,2020,5,10544.75,10761.89,86.79,60570.0,839040.0,7085.55,8666.619999999999,9098.840000000002,10121.37
양천,2020,6,10801.65,10237.33,85.31,54262.0,848680.0,10544.75,8815.149999999998,9292.663333333336,9315.94
양천,2020,7,9152.25,8929.05,85.31,62506.0,804096.0,10801.65,10673.199999999999,9477.316666666668,10995.19
양천,2020,8,4859.01,8014.36,85.03,75988.0,795582.0,9152.25,9976.949999999999,10166.216666666667,10167.27
양천,2020,8,4859.01,8014.36,85.03,75988.0,795582.0,4859.01,7005.629999999999,8270.970000000001,10167.27
양천,2020,9,4582.21,1504.05,82.04,24241.0,376988.0,4859.01,4859.01,6290.090000000001,10232.88
양천,2020,10,8841.84,10617.34,90.1,60325.0,815440.0,4582.21,4720.609999999999,4766.743333333335,2078.88
양천,2020,11,10870.46,10797.31,90.42,59565.0,810044.0,8841.84,6712.024999999999,6094.353333333335,5706.03
양천,2020,12,10692.64,10507.85,90.07,66480.0,913343.0,10870.46,9856.149999999998,8098.170000000001,9574.4
양천,2021,1,9773.0,10267.0,90.0,68591.0,932411.0,10692.64,10781.549999999997,10134.980000000001,10140.33
양천,2021,2,8394.0,9282.0,87.0,61369.0,813692.0,9773.0,10232.819999999998,10445.366666666667,9963.28
양천,2021,3,7975.0,7390.0,83.0,52868.0,727440.0,8394.0,9083.499999999998,9619.880000000001,10247.69
양천,2021,4,7264.0,6666.0,88.0,82543.0,638625.0,7975.0,8184.499999999998,8714.000000000002,7085.55
양천,2021,5,9701.0,10501.0,85.0,60731.0,848285.0,7264.0,7619.499999999998,7877.666666666668,10544.75
양천,2021,6,10676.0,9832.0,83.0,60333.0,834391.0,9701.0,8482.499999999998,8313.333333333334,10801.65
양천,2021,7,8717.0,7806.0,84.0,63854.0,836150.0,10676.0,10188.499999999998,9213.666666666668,9152.25
양천,2021,8,10152.0,10402.0,84.0,68729.0,933175.0,8717.0,9696.499999999998,9698.000000000002,4859.01
양천,2021,9,6084.0,9162.0,79.0,111117.0,783898.0,10152.0,9434.499999999998,9848.333333333334,4582.21
양천,2021,10,,348.0,38.0,86930.0,318204.0,6084.0,8117.999999999998,8317.666666666668,8841.84
양천,2021,11,9712.0,7916.0,86.0,100122.0,688420.0,,,,10870.46
양천,2021,12,10667.0,10725.0,86.0,67251.0,897339.0,9712.0,,,10692.64
양천,2022,1,9150.0,7939.0,83.0,56933.0,771370.0,10667.0,10189.499999999998,,9773.0
양천,2022,2,9327.0,9364.0,84.0,58762.0,766549.0,9150.0,9908.499999999998,9843.000000000002,8394.0
양천,2022,3,7942.0,8806.0,86.0,58889.0,728478.0,9327.0,9238.499999999998,9714.666666666668,7975.0
양천,2022,4,9370.0,8086.0,83.0,53381.0,704559.0,7942.0,8634.499999999998,8806.333333333334,7264.0
양천,2022,5,10065.0,10568.0,85.0,61083.0,812681.0,9370.0,8655.999999999998,8879.666666666668,9701.0
양천,2022,6,9913.0,10214.0,85.0,58609.0,776477.0,10065.0,9717.499999999998,9125.666666666668,10676.0
양천,2022,7,8069.0,7308.0,84.0,54597.0,733176.0,9913.0,9988.999999999998,9782.666666666668,8717.0
양천,2022,8,10841.0,10583.0,85.0,63953.0,862802.0,8069.0,8990.999999999998,9349.000000000002,10152.0
양천,2022,9,9855.0,10261.0,86.0,62221.0,818696.0,10841.0,9454.999999999998,9607.666666666668,6084.0
양천,2022,10,948.0,2876.0,84.0,18240.0,378900.0,9855.0,10347.999999999998,9588.333333333334,
양천,2022,11,8718.0,7110.0,89.0,49607.0,556328.0,948.0,5401.499999999998,7214.666666666668,9712.0
양천,2022,12,10734.0,11060.0,89.0,61969.0,823094.0,8718.0,4832.999999999998,6507.000000000001,10667.0
양천,2023,1,9817.0,10737.0,87.0,56184.0,801234.0,10734.0,9725.999999999998,6800.000000000001,9150.0
양천,2023,2,9598.0,9508.0,85.0,50370.0,732270.0,9817.0,10275.499999999998,9756.333333333334,9327.0
양천,2023,3,8399.0,7758.0,81.0,48828.0,684200.0,9598.0,9707.499999999998,10049.666666666668,7942.0
양천,2023,4,9271.0,9111.0,85.0,53872.0,690314.0,8399.0,8998.499999999998,9271.333333333334,9370.0
양천,2023,5,9969.0,10074.0,81.0,52263.0,774322.0,9271.0,8834.999999999998,9089.333333333334,10065.0
양천,2023,6,10402.0,9985.0,83.0,55552.0,770804.0,9969.0,9619.999999999998,9213.000000000002,9913.0
양천,2023,7,8451.0,8326.0,85.0,62058.0,729688.0,10402.0,10185.499999999998,9880.666666666668,8069.0
양천,2023,8,10439.0,10514.0,85.0,56468.0,816154.0,8451.0,9426.499999999998,9607.333333333334,10841.0
양천,2023,9,9907.0,10205.0,85.0,51755.0,782406.0,10439.0,9444.999999999998,9764.000000000002,9855.0
양천,2023,10,1228.0,2434.0,81.0,14114.0,411368.0,9907.0,10172.999999999998,9599.000000000002,948.0
양천,2023,11,6770.0,5479.0,86.0,51250.0,491846.0,1228.0,5567.499999999998,7191.333333333335,8718.0
양천,2023,12,10159.0,10611.0,86.0,52970.0,743420.0,6770.0,3998.999999999998,5968.333333333335,10734.0
양천,2024,1,10490.0,9564.0,84.0,64774.0,744472.0,10159.0,8464.499999999998,6052.333333333335,9817.0
양천,2024,2,9471.0,9567.0,86.0,54925.0,694214.0,10490.0,10324.499999999998,9139.666666666668,9598.0
양천,2024,3,10080.0,10539.0,85.0,59557.0,782296.0,9471.0,9980.499999999998,10040.000000000002,8399.0
양천,2024,4,7556.0,7745.0,81.0,44459.0,657186.0,10080.0,9775.499999999998,10013.666666666668,9271.0
양천,2024,5,8710.0,8535.0,84.0,57322.0,672830.0,7556.0,8817.999999999998,9035.666666666668,9969.0
양천,2024,6,9927.0,10078.0,84.0,51359.0,786382.0,8710.0,8132.999999999998,8782.000000000002,10402.0
양천,2024,7,8916.0,8963.0,87.0,71630.0,779300.0,9927.0,9318.499999999998,8731.000000000002,8451.0
양천,2024,8,10459.0,10291.0,85.0,69972.0,854756.0,8916.0,9421.499999999998,9184.333333333334,10439.0
양천,2024,9,9490.0,10260.0,86.0,61360.0,818400.0,10459.0,9687.499999999998,9767.333333333334,9907.0
양천,2024,10,1699.0,3170.0,75.0,82267.0,471776.0,9490.0,9974.499999999998,9621.666666666668,1228.0
양천,2024,11,6553.0,4244.0,82.0,82003.0,437724.0,1699.0,5594.499999999998,7216.000000000001,6770.0
양천,2024,12,10345.0,10075.0,81.0,62062.0,777758.0,6553.0,4125.999999999998,5914.000000000001,10159.0
양천,2025,1,9254.0,9476.0,76.0,57072.0,756857.0,10345.0,8448.999999999998,6199.000000000001,10490.0
양천,2025,2,9096.0,8963.0,80.0,54398.0,717656.0,9254.0,9799.499999999998,8717.333333333334,9471.0
양천,2025,3,10212.0,9594.0,77.0,58246.0,753818.0,9096.0,9174.999999999998,9565.000000000002,10080.0
양천,2025,4,8552.0,8466.0,84.0,57345.0,729257.0,10212.0,9653.999999999998,9520.666666666668,7556.0
양천,2025,5,0.0,2244.0,80.0,55245.0,390775.0,8552.0,9381.999999999998,9286.666666666668,8710.0
양천,2025,6,5946.0,4154.0,82.0,43293.0,460637.0,0.0,4275.999999999998,6254.666666666668,9927.0
양천,2025,7,11199.0,10828.0,87.0,68420.0,837816.0,5946.0,2972.999999999998,4832.666666666668,8916.0
양천,2025,8,10069.0,10510.0,86.0,65170.0,809111.0,11199.0,8572.499999999998,5715.000000000001,10459.0
양천,2025,9,9932.0,9389.0,86.0,61877.0,759273.0,10069.0,10633.999999999998,9071.333333333334,9490.0
양천,2025,10,10734.0,10609.0,86.0,73293.0,791991.0,9932.0,10000.499999999998,10400.000000000002,1699.0
양천,2025,11,5628.0,6575.0,87.0,63884.0,615916.0,10734.0,10332.999999999998,10245.000000000002,6553.0
양천,2025,12,10712.0,10868.0,88.0,68646.0,775703.0,5628.0,8180.999999999998,8764.666666666668,10345.0
양천,2026,1,10285.0,10551.0,85.0,68944.0,791313.0,10712.0,8169.999999999998,9024.666666666668,9254.0
양천,2026,2,9260.0,8989.0,80.0,50055.0,664787.0,10285.0,10498.499999999998,8875.000000000002,9096.0
양천,2026,3,10005.0,10174.0,82.0,63905.0,768382.0,9260.0,9772.499999999998,10085.666666666668,10212.0
양천,2026,4,4691.0,6192.0,79.0,51982.0,587089.0,10005.0,9632.499999999998,9850.000000000002,8552.0
